cca3,flag,flag_png,flag_svg,flag_alt,coa_png,coa_svg
JAM,🇯🇲,https://flagcdn.com/w320/jm.png,https://flagcdn.com/jm.svg,"The flag of Jamaica is divided by a gold diagonal cross into four alternating triangular areas of green at the top and bottom, and black on the hoist and fly sides",https://mainfacts.com/media/images/coats_of_arms/jm.png,https://mainfacts.com/media/images/coats_of_arms/jm.svg
COM,🇰🇲,https://flagcdn.com/w320/km.png,https://flagcdn.com/km.svg,"The flag of Comoros is composed of four equal horizontal bands of yellow, white, red and blue, with a green isosceles triangle superimposed on the hoist side of the field. This triangle has its base on the hoist end, spans about two-fifth the width of the field and bears a fly-side facing white crescent and four five-pointed white stars arranged in a vertical line along the opening of the crescent.",https://mainfacts.com/media/images/coats_of_arms/km.png,https://mainfacts.com/media/images/coats_of_arms/km.svg
ZWE,🇿🇼,https://flagcdn.com/w320/zw.png,https://flagcdn.com/zw.svg,"The flag of Zimbabwe is composed of seven equal horizontal bands of green, yellow, red, black, red, yellow and green, with a white isosceles triangle superimposed on the hoist side of the field. This triangle is edged in black, spans about one-fourth the width of the field and has its base on the hoist end. A yellow Zimbabwe bird superimposed on a five-pointed red star is centered in the triangle.",https://mainfacts.com/media/images/coats_of_arms/zw.png,https://mainfacts.com/media/images/coats_of_arms/zw.svg
SXM,🇸🇽,https://flagcdn.com/w320/sx.png,https://flagcdn.com/sx.svg,,,
LAO,🇱🇦,https://flagcdn.com/w320/la.png,https://flagcdn.com/la.svg,"The flag of Laos is composed of three horizontal bands of red, blue and red. The blue band is twice the height of the red bands and bears a white circle at its center.",https://mainfacts.com/media/images/coats_of_arms/la.png,https://mainfacts.com/media/images/coats_of_arms/la.svg
LVA,🇱🇻,https://flagcdn.com/w320/lv.png,https://flagcdn.com/lv.svg,The flag of Latvia has a carmine-red field with a thin white horizontal band across the middle of the field.,https://mainfacts.com/media/images/coats_of_arms/lv.png,https://mainfacts.com/media/images/coats_of_arms/lv.svg
TJK,🇹🇯,https://flagcdn.com/w320/tj.png,https://flagcdn.com/tj.svg,"The flag of Tajikistan is composed of three horizontal bands of red, white and green in the ratio of 2:3:2. A golden-yellow crown surmounted by an arc of seven five-pointed golden-yellow stars is centered in the white band.",https://mainfacts.com/media/images/coats_of_arms/tj.png,https://mainfacts.com/media/images/coats_of_arms/tj.svg
GBR,🇬🇧,https://flagcdn.com/w320/gb.png,https://flagcdn.com/gb.svg,The flag of the United Kingdom — the Union Jack — has a blue field. It features the white-edged red cross of Saint George superimposed on the diagonal red cross of Saint Patrick which is superimposed on the diagonal white cross of Saint Andrew.,https://mainfacts.com/media/images/coats_of_arms/gb.png,https://mainfacts.com/media/images/coats_of_arms/gb.svg
NIC,🇳🇮,https://flagcdn.com/w320/ni.png,https://flagcdn.com/ni.svg,"The flag of Nicaragua is composed of three equal horizontal bands of blue, white and blue, with the national coat of arms centered in the white band.",https://mainfacts.com/media/images/coats_of_arms/ni.png,https://mainfacts.com/media/images/coats_of_arms/ni.svg
SDN,🇸🇩,https://flagcdn.com/w320/sd.png,https://flagcdn.com/sd.svg,"The flag of Sudan is composed of three equal horizontal bands of red, white and black, with a green isosceles triangle superimposed on the hoist side. The green triangle spans about two-fifth the width of the field with its base on the hoist end.",https://mainfacts.com/media/images/coats_of_arms/sd.png,https://mainfacts.com/media/images/coats_of_arms/sd.svg
GRC,🇬🇷,https://flagcdn.com/w320/gr.png,https://flagcdn.com/gr.svg,The flag of Greece is composed of nine equal horizontal bands of blue alternating with white. A blue square bearing a white cross is superimposed in the canton.,https://mainfacts.com/media/images/coats_of_arms/gr.png,https://mainfacts.com/media/images/coats_of_arms/gr.svg
LTU,🇱🇹,https://flagcdn.com/w320/lt.png,https://flagcdn.com/lt.svg,"The flag of Lithuania is composed of three equal horizontal bands of yellow, green and red.",https://mainfacts.com/media/images/coats_of_arms/lt.png,https://mainfacts.com/media/images/coats_of_arms/lt.svg
RWA,🇷🇼,https://flagcdn.com/w320/rw.png,https://flagcdn.com/rw.svg,"The flag of Rwanda is composed of three horizontal bands of light blue, yellow and green. The light blue band is twice the height of the other two bands and bears a yellow sun with twenty-four rays on its fly side.",https://mainfacts.com/media/images/coats_of_arms/rw.png,https://mainfacts.com/media/images/coats_of_arms/rw.svg
SEN,🇸🇳,https://flagcdn.com/w320/sn.png,https://flagcdn.com/sn.svg,"The flag of Senegal is composed of three equal vertical bands of green, golden-yellow and red, with a five-pointed green star centered in the golden-yellow band.",https://mainfacts.com/media/images/coats_of_arms/sn.png,https://mainfacts.com/media/images/coats_of_arms/sn.svg
MCO,🇲🇨,https://flagcdn.com/w320/mc.png,https://flagcdn.com/mc.svg,The flag of Monaco is composed of two equal horizontal bands of red and white.,https://mainfacts.com/media/images/coats_of_arms/mc.png,https://mainfacts.com/media/images/coats_of_arms/mc.svg
LSO,🇱🇸,https://flagcdn.com/w320/ls.png,https://flagcdn.com/ls.svg,"The flag of Lesotho is composed of three horizontal bands of blue, white and green in the ratio of 3:4:3. A black mokorotlo — a Basotho hat — is centered in the white band.",https://mainfacts.com/media/images/coats_of_arms/ls.png,https://mainfacts.com/media/images/coats_of_arms/ls.svg
TUN,🇹🇳,https://flagcdn.com/w320/tn.png,https://flagcdn.com/tn.svg,The flag of Tunisia has a red field. A white circle bearing a five-pointed red star within a fly-side facing red crescent is situated at the center of the field.,https://mainfacts.com/media/images/coats_of_arms/tn.png,https://mainfacts.com/media/images/coats_of_arms/tn.svg
VUT,🇻🇺,https://flagcdn.com/w320/vu.png,https://flagcdn.com/vu.svg,"The flag of Vanuatu is composed of two equal horizontal bands of red and green, with a black isosceles triangle superimposed on the hoist side of the field. This triangle has its base on the hoist end, spans about two-fifth the width of the field and is enclosed on its sides by the arms of a thin black-edged yellow horizontally oriented Y-shaped band which extends along the boundary of the red and green bands to the fly end of the field. A yellow boar's tusk encircling two yellow crossed namele leaves is centered in the triangle.",https://mainfacts.com/media/images/coats_of_arms/vu.png,https://mainfacts.com/media/images/coats_of_arms/vu.svg
ECU,🇪🇨,https://flagcdn.com/w320/ec.png,https://flagcdn.com/ec.svg,"The flag of Ecuador is composed of the horizontal bands of yellow, blue and red, with the yellow band twice the height of the other two bands. The Ecuadorian coat of arms is superimposed in the center of the field.",https://mainfacts.com/media/images/coats_of_arms/ec.png,https://mainfacts.com/media/images/coats_of_arms/ec.svg
KWT,🇰🇼,https://flagcdn.com/w320/kw.png,https://flagcdn.com/kw.svg,"The flag of Kuwait is composed of three equal horizontal bands of green, white and red, with a black trapezium superimposed on the hoist side of the field. This trapezium has its base on the hoist end and spans about one-fourth the width of the field.",https://mainfacts.com/media/images/coats_of_arms/kw.png,https://mainfacts.com/media/images/coats_of_arms/kw.svg
PHL,🇵🇭,https://flagcdn.com/w320/ph.png,https://flagcdn.com/ph.svg,"The flag of Philippines is composed of two equal horizontal bands of blue and red, with a white equilateral triangle superimposed on the hoist side of the field. This triangle has its base on the hoist end, spans about two-fifth the width of the field and bears a central golden-yellow sun with eight rays and a five-pointed golden-yellow star at each vertex.",https://mainfacts.com/media/images/coats_of_arms/ph.png,https://mainfacts.com/media/images/coats_of_arms/ph.svg
CHL,🇨🇱,https://flagcdn.com/w320/cl.png,https://flagcdn.com/cl.svg,"The flag of Chile is composed of two equal horizontal bands of white and red, with a blue square of the same height as the white band superimposed in the canton. A white five-pointed star is centered in the blue square.",https://mainfacts.com/media/images/coats_of_arms/cl.png,https://mainfacts.com/media/images/coats_of_arms/cl.svg
BHS,🇧🇸,https://flagcdn.com/w320/bs.png,https://flagcdn.com/bs.svg,"The flag of the Bahamas is composed of three equal horizontal bands of aquamarine, yellow and aquamarine, with a black equilateral triangle superimposed on the hoist side of the field. This triangle has its base on the hoist end and spans about one-third the width of the field.",https://mainfacts.com/media/images/coats_of_arms/bs.png,https://mainfacts.com/media/images/coats_of_arms/bs.svg
TZA,🇹🇿,https://flagcdn.com/w320/tz.png,https://flagcdn.com/tz.svg,The flag of Tanzania features a yellow-edged black diagonal band that extends from the lower hoist-side corner to the upper fly-side corner of the field. Above and beneath this band are a green and light blue triangle respectively.,https://mainfacts.com/media/images/coats_of_arms/tz.png,https://mainfacts.com/media/images/coats_of_arms/tz.svg
CRI,🇨🇷,https://flagcdn.com/w320/cr.png,https://flagcdn.com/cr.svg,"The flag of Costa Rica is composed of five horizontal bands of blue, white, red, white and blue. The central red band is twice the height of the other four bands.",https://mainfacts.com/media/images/coats_of_arms/cr.png,https://mainfacts.com/media/images/coats_of_arms/cr.svg
MAR,🇲🇦,https://flagcdn.com/w320/ma.png,https://flagcdn.com/ma.svg,The flag of Morocco features a green pentagram — a five-pointed linear star — centered on a red field.,https://mainfacts.com/media/images/coats_of_arms/ma.png,https://mainfacts.com/media/images/coats_of_arms/ma.svg
MNE,🇲🇪,https://flagcdn.com/w320/me.png,https://flagcdn.com/me.svg,The flag of Montenegro features a large red central rectangular area surrounded by a golden-yellow border. The coat of arms of Montenegro is centered in the red rectangle.,https://mainfacts.com/media/images/coats_of_arms/me.png,https://mainfacts.com/media/images/coats_of_arms/me.svg
FSM,🇫🇲,https://flagcdn.com/w320/fm.png,https://flagcdn.com/fm.svg,"The flag of Micronesia has a light blue field, at the center of which are four five-pointed white stars arranged in the shape of a diamond.",https://mainfacts.com/media/images/coats_of_arms/fm.png,https://mainfacts.com/media/images/coats_of_arms/fm.svg
PRT,🇵🇹,https://flagcdn.com/w320/pt.png,https://flagcdn.com/pt.svg,"The flag of Portugal is composed of two vertical bands of green and red in the ratio of 2:3, with the coat of arms of Portugal centered over the two-color boundary.",https://mainfacts.com/media/images/coats_of_arms/pt.png,https://mainfacts.com/media/images/coats_of_arms/pt.svg
ARE,🇦🇪,https://flagcdn.com/w320/ae.png,https://flagcdn.com/ae.svg,"The flag of United Arab Emirates features a red vertical band on its hoist side that takes up about one-fourth the width of the field and three equal horizontal bands of green, white and black adjoining the vertical band.",https://mainfacts.com/media/images/coats_of_arms/ae.png,https://mainfacts.com/media/images/coats_of_arms/ae.svg
LBY,🇱🇾,https://flagcdn.com/w320/ly.png,https://flagcdn.com/ly.svg,"The flag of Libya is composed of three horizontal bands of red, black and green, with the black band twice the height of the other two bands. At the center of the black band is a fly-side facing white crescent and a five-pointed white star placed just outside the crescent opening.",https://mainfacts.com/media/images/coats_of_arms/ly.png,https://mainfacts.com/media/images/coats_of_arms/ly.svg
LUX,🇱🇺,https://flagcdn.com/w320/lu.png,https://flagcdn.com/lu.svg,"The flag of Luxembourg is composed of three equal horizontal bands of red, white and light blue.",https://mainfacts.com/media/images/coats_of_arms/lu.png,https://mainfacts.com/media/images/coats_of_arms/lu.svg
JEY,🇯🇪,https://flagcdn.com/w320/je.png,https://flagcdn.com/je.svg,,https://mainfacts.com/media/images/coats_of_arms/je.png,https://mainfacts.com/media/images/coats_of_arms/je.svg
SLB,🇸🇧,https://flagcdn.com/w320/sb.png,https://flagcdn.com/sb.svg,The flag of Solomon Islands features a thin yellow diagonal band that extends from the lower hoist-side corner to the upper fly-side corner of the field. Above and beneath this band are a blue and green triangle respectively. Five white five-pointed stars arranged in an X shape are situated on the hoist side of the upper blue triangle.,https://mainfacts.com/media/images/coats_of_arms/sb.png,https://mainfacts.com/media/images/coats_of_arms/sb.svg
DZA,🇩🇿,https://flagcdn.com/w320/dz.png,https://flagcdn.com/dz.svg,The flag of Algeria features two equal vertical bands of green and white. A five-pointed red star within a fly-side facing red crescent is centered over the two-color boundary.,https://mainfacts.com/media/images/coats_of_arms/dz.png,https://mainfacts.com/media/images/coats_of_arms/dz.svg
ATG,🇦🇬,https://flagcdn.com/w320/ag.png,https://flagcdn.com/ag.svg,"The flag of Antigua and Barbuda has a red field with an inverted isosceles triangle based on the top edge and spanning the height of the field. This triangle has three horizontal bands of black, light blue and white, with the light blue band half the height of the two other bands. The top half of a golden-yellow sun is situated in the lower two-third of the black band to depict a rising sun.",https://mainfacts.com/media/images/coats_of_arms/ag.png,https://mainfacts.com/media/images/coats_of_arms/ag.svg
SHN,🇸🇭,https://flagcdn.com/w320/sh.png,https://flagcdn.com/sh.svg,,,
BRA,🇧🇷,https://flagcdn.com/w320/br.png,https://flagcdn.com/br.svg,The flag of Brazil has a green field with a large yellow rhombus in the center. Within the rhombus is a dark blue globe with twenty-seven small five-pointed white stars depicting a starry sky and a thin white convex horizontal band inscribed with the national motto 'Ordem e Progresso' across its center.,https://mainfacts.com/media/images/coats_of_arms/br.png,https://mainfacts.com/media/images/coats_of_arms/br.svg
SGS,🇬🇸,https://flagcdn.com/w320/gs.png,https://flagcdn.com/gs.svg,,,
MLI,🇲🇱,https://flagcdn.com/w320/ml.png,https://flagcdn.com/ml.svg,"The flag of Mali is composed of three equal vertical bands of green, yellow and red.",https://mainfacts.com/media/images/coats_of_arms/ml.png,https://mainfacts.com/media/images/coats_of_arms/ml.svg
PAK,🇵🇰,https://flagcdn.com/w320/pk.png,https://flagcdn.com/pk.svg,The flag of Pakistan is composed of a white vertical band on its hoist side that takes up about one-fourth the width of the field and a dark green rectangular area that spans the rest of the field. A white fly-side facing crescent and five-pointed star are centered in the dark green area.,https://mainfacts.com/media/images/coats_of_arms/pk.png,https://mainfacts.com/media/images/coats_of_arms/pk.svg
TTO,🇹🇹,https://flagcdn.com/w320/tt.png,https://flagcdn.com/tt.svg,The flag of Trinidad and Tobago has a red field with a white-edged black diagonal band that extends from the upper hoist-side corner to the lower fly-side corner of the field.,https://mainfacts.com/media/images/coats_of_arms/tt.png,https://mainfacts.com/media/images/coats_of_arms/tt.svg
ARM,🇦🇲,https://flagcdn.com/w320/am.png,https://flagcdn.com/am.svg,"The flag of Armenia is composed of three equal horizontal bands of red, blue and orange.",https://mainfacts.com/media/images/coats_of_arms/am.png,https://mainfacts.com/media/images/coats_of_arms/am.svg
BGD,🇧🇩,https://flagcdn.com/w320/bd.png,https://flagcdn.com/bd.svg,The flag of Bangladesh has a dark green field bearing a large red circle that is offset slightly towards the hoist side of center.,https://mainfacts.com/media/images/coats_of_arms/bd.png,https://mainfacts.com/media/images/coats_of_arms/bd.svg
TCA,🇹🇨,https://flagcdn.com/w320/tc.png,https://flagcdn.com/tc.svg,,,
TKM,🇹🇲,https://flagcdn.com/w320/tm.png,https://flagcdn.com/tm.svg,"The flag of Turkmenistan has a green field. It features a red vertical band, bearing five carpet guls stacked above two crossed olive branches, near the hoist end of the field. Just to the fly side of the vertical band near the top edge of the field is a hoist-side facing white crescent and five small five-pointed white stars placed just outside the crescent opening.",https://mainfacts.com/media/images/coats_of_arms/tm.png,https://mainfacts.com/media/images/coats_of_arms/tm.svg
FRO,🇫🇴,https://flagcdn.com/w320/fo.png,https://flagcdn.com/fo.svg,,https://mainfacts.com/media/images/coats_of_arms/fo.png,https://mainfacts.com/media/images/coats_of_arms/fo.svg
PLW,🇵🇼,https://flagcdn.com/w320/pw.png,https://flagcdn.com/pw.svg,The flag of Palau has a light blue field with a large golden-yellow circle that is offset slightly towards the hoist side of center.,https://mainfacts.com/media/images/coats_of_arms/pw.png,https://mainfacts.com/media/images/coats_of_arms/pw.svg
CUB,🇨🇺,https://flagcdn.com/w320/cu.png,https://flagcdn.com/cu.svg,"The flag of Cuba is composed of five equal horizontal bands of blue alternating with white and a red equilateral triangle superimposed on the hoist side of the field. The triangle has its base on the hoist end, spans about two-fifth the width of the field and bears a white five-pointed star at its center.",https://mainfacts.com/media/images/coats_of_arms/cu.png,https://mainfacts.com/media/images/coats_of_arms/cu.svg
TCD,🇹🇩,https://flagcdn.com/w320/td.png,https://flagcdn.com/td.svg,"The flag of Chad is composed of three equal vertical bands of blue, gold and red.",https://mainfacts.com/media/images/coats_of_arms/td.png,https://mainfacts.com/media/images/coats_of_arms/td.svg
BIH,🇧🇦,https://flagcdn.com/w320/ba.png,https://flagcdn.com/ba.svg,"The flag of Bosnia and Herzegovina has a blue field, at the center of which is a large yellow hoist-side facing right-angled triangle that is based on the top edge and spans the height of the field. Adjacent to the hypotenuse of this triangle are nine adjoining five-pointed white stars with the top and bottom stars cut in half by the edges of the field.",https://mainfacts.com/media/images/coats_of_arms/ba.png,https://mainfacts.com/media/images/coats_of_arms/ba.svg
BWA,🇧🇼,https://flagcdn.com/w320/bw.png,https://flagcdn.com/bw.svg,The flag of Botswana has a light blue field with a white-edged black horizontal band across its center.,https://mainfacts.com/media/images/coats_of_arms/bw.png,https://mainfacts.com/media/images/coats_of_arms/bw.svg
EST,🇪🇪,https://flagcdn.com/w320/ee.png,https://flagcdn.com/ee.svg,"The flag of Estonia is composed of three equal horizontal bands of blue, black and white.",https://mainfacts.com/media/images/coats_of_arms/ee.png,https://mainfacts.com/media/images/coats_of_arms/ee.svg
IOT,🇮🇴,https://flagcdn.com/w320/io.png,https://flagcdn.com/io.svg,,,
ATF,🇹🇫,https://flagcdn.com/w320/tf.png,https://flagcdn.com/tf.svg,,https://mainfacts.com/media/images/coats_of_arms/tf.png,https://mainfacts.com/media/images/coats_of_arms/tf.svg
GRL,🇬🇱,https://flagcdn.com/w320/gl.png,https://flagcdn.com/gl.svg,,https://mainfacts.com/media/images/coats_of_arms/gl.png,https://mainfacts.com/media/images/coats_of_arms/gl.svg
CXR,🇨🇽,https://flagcdn.com/w320/cx.png,https://flagcdn.com/cx.svg,,https://mainfacts.com/media/images/coats_of_arms/cx.png,https://mainfacts.com/media/images/coats_of_arms/cx.svg
PCN,🇵🇳,https://flagcdn.com/w320/pn.png,https://flagcdn.com/pn.svg,,,
ESH,🇪🇭,https://flagcdn.com/w320/eh.png,https://flagcdn.com/eh.svg,,,
MSR,🇲🇸,https://flagcdn.com/w320/ms.png,https://flagcdn.com/ms.svg,,https://mainfacts.com/media/images/coats_of_arms/ms.png,https://mainfacts.com/media/images/coats_of_arms/ms.svg
BHR,🇧🇭,https://flagcdn.com/w320/bh.png,https://flagcdn.com/bh.svg,"The flag of Bahrain has a red field. On the hoist side, it features a white vertical band that spans about one-third the width of the field and is separated from the rest of the field by five adjoining fly-side pointing white isosceles triangles that serve as a serrated line.",https://mainfacts.com/media/images/coats_of_arms/bh.png,https://mainfacts.com/media/images/coats_of_arms/bh.svg
DOM,🇩🇴,https://flagcdn.com/w320/do.png,https://flagcdn.com/do.svg,The flag of the Dominican Republic is divided into four rectangles by a centered white cross that extends to the edges of the field and bears the national coat of arms in its center. The upper hoist-side and lower fly-side rectangles are blue and the lower hoist-side and upper fly-side rectangles are red.,https://mainfacts.com/media/images/coats_of_arms/do.png,https://mainfacts.com/media/images/coats_of_arms/do.svg
USA,🇺🇸,https://flagcdn.com/w320/us.png,https://flagcdn.com/us.svg,"The flag of the United States of America is composed of thirteen equal horizontal bands of red alternating with white. A blue rectangle, bearing fifty small five-pointed white stars arranged in nine rows where rows of six stars alternate with rows of five stars, is superimposed in the canton.",https://mainfacts.com/media/images/coats_of_arms/us.png,https://mainfacts.com/media/images/coats_of_arms/us.svg
COK,🇨🇰,https://flagcdn.com/w320/ck.png,https://flagcdn.com/ck.svg,,https://mainfacts.com/media/images/coats_of_arms/ck.png,https://mainfacts.com/media/images/coats_of_arms/ck.svg
COL,🇨🇴,https://flagcdn.com/w320/co.png,https://flagcdn.com/co.svg,"The flag of Colombia is composed of three horizontal bands of yellow, blue and red, with the yellow band twice the height of the other two bands.",https://mainfacts.com/media/images/coats_of_arms/co.png,https://mainfacts.com/media/images/coats_of_arms/co.svg
GIN,🇬🇳,https://flagcdn.com/w320/gn.png,https://flagcdn.com/gn.svg,"The flag of Guinea is composed of three equal vertical bands of red, yellow and green.",https://mainfacts.com/media/images/coats_of_arms/gn.png,https://mainfacts.com/media/images/coats_of_arms/gn.svg
IRL,🇮🇪,https://flagcdn.com/w320/ie.png,https://flagcdn.com/ie.svg,"The flag of Ireland is composed of three equal vertical bands of green, white and orange.",https://mainfacts.com/media/images/coats_of_arms/ie.png,https://mainfacts.com/media/images/coats_of_arms/ie.svg
MDV,🇲🇻,https://flagcdn.com/w320/mv.png,https://flagcdn.com/mv.svg,"The flag of Maldives has a red field, at the center of which is a large green rectangle bearing a fly-side facing white crescent.",https://mainfacts.com/media/images/coats_of_arms/mv.png,https://mainfacts.com/media/images/coats_of_arms/mv.svg
PAN,🇵🇦,https://flagcdn.com/w320/pa.png,https://flagcdn.com/pa.svg,"The flag of Panama is composed of four equal rectangular areas — a white rectangular area with a blue five-pointed star at its center, a red rectangular area, a white rectangular area with a red five-pointed star at its center, and a blue rectangular area — in the upper hoist side, upper fly side, lower fly side and lower hoist side respectively.",https://mainfacts.com/media/images/coats_of_arms/pa.png,https://mainfacts.com/media/images/coats_of_arms/pa.svg
MOZ,🇲🇿,https://flagcdn.com/w320/mz.png,https://flagcdn.com/mz.svg,"The flag of Mozambique is composed of three equal horizontal bands of teal, black with white top and bottom edges, and yellow. A red isosceles triangle spanning about two-fifth the width of the field is superimposed on the hoist side with its base on the hoist end. This triangle bears a crossed rifle and hoe in black superimposed on an open white book which is superimposed on a five-pointed yellow star.",https://mainfacts.com/media/images/coats_of_arms/mz.png,https://mainfacts.com/media/images/coats_of_arms/mz.svg
OMN,🇴🇲,https://flagcdn.com/w320/om.png,https://flagcdn.com/om.svg,"The flag of Oman features a red vertical band on the hoist side that takes up about one-fourth the width of the field, and three equal horizontal bands of white, red and green adjoining the vertical band. At the top of the vertical band is the white emblem of Oman.",https://mainfacts.com/media/images/coats_of_arms/om.png,https://mainfacts.com/media/images/coats_of_arms/om.svg
CZE,🇨🇿,https://flagcdn.com/w320/cz.png,https://flagcdn.com/cz.svg,"The flag of Czechia is composed of two equal horizontal bands of white and red, with a blue isosceles triangle superimposed on the hoist side of the field. The triangle has its base on the hoist end and spans about two-fifth the width of the field.",https://mainfacts.com/media/images/coats_of_arms/cz.png,https://mainfacts.com/media/images/coats_of_arms/cz.svg
HMD,🇭🇲,https://flagcdn.com/w320/hm.png,https://flagcdn.com/hm.svg,,,
VCT,🇻🇨,https://flagcdn.com/w320/vc.png,https://flagcdn.com/vc.svg,"The flag of Saint Vincent and the Grenadines is composed of three vertical bands of blue, gold and green. The gold band is twice as wide as the other two bands and bears three green diamonds arranged to form the letter V at its center.",https://mainfacts.com/media/images/coats_of_arms/vc.png,https://mainfacts.com/media/images/coats_of_arms/vc.svg
HTI,🇭🇹,https://flagcdn.com/w320/ht.png,https://flagcdn.com/ht.svg,The flag of Haiti is composed of two equal horizontal bands of blue and red. A white square bearing the national coat of arms is superimposed at the center of the field.,https://mainfacts.com/media/images/coats_of_arms/ht.png,https://mainfacts.com/media/images/coats_of_arms/ht.svg
NGA,🇳🇬,https://flagcdn.com/w320/ng.png,https://flagcdn.com/ng.svg,"The flag of Nigeria is composed of three equal vertical bands of green, white and green.",https://mainfacts.com/media/images/coats_of_arms/ng.png,https://mainfacts.com/media/images/coats_of_arms/ng.svg
VGB,🇻🇬,https://flagcdn.com/w320/vg.png,https://flagcdn.com/vg.svg,,https://mainfacts.com/media/images/coats_of_arms/vg.png,https://mainfacts.com/media/images/coats_of_arms/vg.svg
NAM,🇳🇦,https://flagcdn.com/w320/na.png,https://flagcdn.com/na.svg,The flag of Namibia features a white-edged red diagonal band that extends from the lower hoist-side corner to the upper fly-side corner of the field. Above and beneath this band are a blue and green triangle respectively. A gold sun with twelve triangular rays is situated on the hoist side of the upper triangle.,https://mainfacts.com/media/images/coats_of_arms/na.png,https://mainfacts.com/media/images/coats_of_arms/na.svg
DMA,🇩🇲,https://flagcdn.com/w320/dm.png,https://flagcdn.com/dm.svg,"The flag of Dominica has a green field with a large centered tricolor cross. The vertical and horizontal parts of the cross each comprise three bands of yellow, black and white. A red circle, bearing a hoist-side facing purple Sisserou parrot standing on a twig and encircled by ten five-pointed yellow-edged green stars, is superimposed at the center of the cross.",https://mainfacts.com/media/images/coats_of_arms/dm.png,https://mainfacts.com/media/images/coats_of_arms/dm.svg
CAN,🇨🇦,https://flagcdn.com/w320/ca.png,https://flagcdn.com/ca.svg,The flag of Canada is composed of a red vertical band on the hoist and fly sides and a central white square that is twice the width of the vertical bands. A large eleven-pointed red maple leaf is centered in the white square.,https://mainfacts.com/media/images/coats_of_arms/ca.png,https://mainfacts.com/media/images/coats_of_arms/ca.svg
GGY,🇬🇬,https://flagcdn.com/w320/gg.png,https://flagcdn.com/gg.svg,,https://mainfacts.com/media/images/coats_of_arms/gg.png,https://mainfacts.com/media/images/coats_of_arms/gg.svg
NER,🇳🇪,https://flagcdn.com/w320/ne.png,https://flagcdn.com/ne.svg,"The flag of Niger features three equal horizontal bands of orange, white and green, with an orange circle centered in the white band.",https://mainfacts.com/media/images/coats_of_arms/ne.png,https://mainfacts.com/media/images/coats_of_arms/ne.svg
IDN,🇮🇩,https://flagcdn.com/w320/id.png,https://flagcdn.com/id.svg,The flag of Indonesia is composed of two equal horizontal bands of red and white.,https://mainfacts.com/media/images/coats_of_arms/id.png,https://mainfacts.com/media/images/coats_of_arms/id.svg
YEM,🇾🇪,https://flagcdn.com/w320/ye.png,https://flagcdn.com/ye.svg,"The flag of Yemen is composed of three equal horizontal bands of red, white and black.",https://mainfacts.com/media/images/coats_of_arms/ye.png,https://mainfacts.com/media/images/coats_of_arms/ye.svg
PSE,🇵🇸,https://flagcdn.com/w320/ps.png,https://flagcdn.com/ps.svg,,https://mainfacts.com/media/images/coats_of_arms/ps.png,https://mainfacts.com/media/images/coats_of_arms/ps.svg
GAB,🇬🇦,https://flagcdn.com/w320/ga.png,https://flagcdn.com/ga.svg,"The flag of Gabon is composed of three equal horizontal bands of green, yellow and blue.",https://mainfacts.com/media/images/coats_of_arms/ga.png,https://mainfacts.com/media/images/coats_of_arms/ga.svg
ERI,🇪🇷,https://flagcdn.com/w320/er.png,https://flagcdn.com/er.svg,"The flag of Eritrea comprises three triangles — a large red isosceles triangle with its base spanning the hoist end and its apex at the midpoint on the fly end, and a green and blue right-angled triangle above and beneath the red triangle. On the hoist side of the red triangle is a golden vertical olive branch encircled by a golden olive wreath.",https://mainfacts.com/media/images/coats_of_arms/er.png,https://mainfacts.com/media/images/coats_of_arms/er.svg
CYP,🇨🇾,https://flagcdn.com/w320/cy.png,https://flagcdn.com/cy.svg,"The flag of Cyprus has a white field, at the center of which is a copper-colored silhouette of the Island of Cyprus above two green olive branches crossed at the stem.",https://mainfacts.com/media/images/coats_of_arms/cy.png,https://mainfacts.com/media/images/coats_of_arms/cy.svg
HKG,🇭🇰,https://flagcdn.com/w320/hk.png,https://flagcdn.com/hk.svg,,https://mainfacts.com/media/images/coats_of_arms/hk.png,https://mainfacts.com/media/images/coats_of_arms/hk.svg
BVT,🇧🇻,https://flagcdn.com/w320/bv.png,https://flagcdn.com/bv.svg,,,
SVK,🇸🇰,https://flagcdn.com/w320/sk.png,https://flagcdn.com/sk.svg,"The flag of Slovakia is composed of three equal horizontal bands of white, blue and red. The coat of arms of Slovakia is superimposed at the center of the field slightly towards the hoist side.",https://mainfacts.com/media/images/coats_of_arms/sk.png,https://mainfacts.com/media/images/coats_of_arms/sk.svg
SVN,🇸🇮,https://flagcdn.com/w320/si.png,https://flagcdn.com/si.svg,"The flag of Slovenia is composed of three equal horizontal bands of white, blue and red. The national coat of arms is situated in the upper hoist side of the field centered on the boundary between the white and blue bands.",https://mainfacts.com/media/images/coats_of_arms/si.png,https://mainfacts.com/media/images/coats_of_arms/si.svg
NIU,🇳🇺,https://flagcdn.com/w320/nu.png,https://flagcdn.com/nu.svg,,,
KIR,🇰🇮,https://flagcdn.com/w320/ki.png,https://flagcdn.com/ki.svg,"The flag of Kiribati is divided into two halves. While the upper half has a red field, at the center of which is a yellow frigate bird flying over the top half of a rising yellow sun with seventeen visible rays, the lower half is composed of six horizontal wavy bands of white alternating with blue to depict the ocean.",https://mainfacts.com/media/images/coats_of_arms/ki.png,https://mainfacts.com/media/images/coats_of_arms/ki.svg
DEU,🇩🇪,https://flagcdn.com/w320/de.png,https://flagcdn.com/de.svg,"The flag of Germany is composed of three equal horizontal bands of black, red and gold.",https://mainfacts.com/media/images/coats_of_arms/de.png,https://mainfacts.com/media/images/coats_of_arms/de.svg
UNK,🇽🇰,https://flagcdn.com/w320/xk.png,https://flagcdn.com/xk.svg,,https://mainfacts.com/media/images/coats_of_arms/xk.png,https://mainfacts.com/media/images/coats_of_arms/xk.svg
CIV,🇨🇮,https://flagcdn.com/w320/ci.png,https://flagcdn.com/ci.svg,"The flag of Ivory Coast is composed of three equal vertical bands of orange, white and green.",https://mainfacts.com/media/images/coats_of_arms/ci.png,https://mainfacts.com/media/images/coats_of_arms/ci.svg
LKA,🇱🇰,https://flagcdn.com/w320/lk.png,https://flagcdn.com/lk.svg,"The flag of Sri Lanka features two large adjacent but separate rectangular areas, centered on a golden-yellow field. The smaller hoist-side rectangle is divided into two equal vertical bands of teal and orange, and the larger fly-side rectangle is maroon with a centered golden-yellow lion holding a Kastane sword in its right fore-paw and four golden-yellow Bo leaves, one in each corner.",https://mainfacts.com/media/images/coats_of_arms/lk.png,https://mainfacts.com/media/images/coats_of_arms/lk.svg
MAF,🇲🇫,https://flagcdn.com/w320/mf.png,https://flagcdn.com/mf.svg,,,
BEL,🇧🇪,https://flagcdn.com/w320/be.png,https://flagcdn.com/be.svg,"The flag of Belgium is composed of three equal vertical bands of black, yellow and red.",https://mainfacts.com/media/images/coats_of_arms/be.png,https://mainfacts.com/media/images/coats_of_arms/be.svg
ISR,🇮🇱,https://flagcdn.com/w320/il.png,https://flagcdn.com/il.svg,The flag of Israel has a white field with a blue hexagram — the Magen David — centered between two equal horizontal blue bands situated near the top and bottom edges of the field.,https://mainfacts.com/media/images/coats_of_arms/il.png,https://mainfacts.com/media/images/coats_of_arms/il.svg
ALA,🇦🇽,https://flagcdn.com/w320/ax.png,https://flagcdn.com/ax.svg,,https://mainfacts.com/media/images/coats_of_arms/ax.png,https://mainfacts.com/media/images/coats_of_arms/ax.svg
MNP,🇲🇵,https://flagcdn.com/w320/mp.png,https://flagcdn.com/mp.svg,,,
DNK,🇩🇰,https://flagcdn.com/w320/dk.png,https://flagcdn.com/dk.svg,The flag of Denmark has a red field with a large white cross that extend to the edges of the field. The vertical part of this cross is offset towards the hoist side.,https://mainfacts.com/media/images/coats_of_arms/dk.png,https://mainfacts.com/media/images/coats_of_arms/dk.svg
BMU,🇧🇲,https://flagcdn.com/w320/bm.png,https://flagcdn.com/bm.svg,,https://mainfacts.com/media/images/coats_of_arms/bm.png,https://mainfacts.com/media/images/coats_of_arms/bm.svg
GIB,🇬🇮,https://flagcdn.com/w320/gi.png,https://flagcdn.com/gi.svg,,https://mainfacts.com/media/images/coats_of_arms/gi.png,https://mainfacts.com/media/images/coats_of_arms/gi.svg
SYR,🇸🇾,https://flagcdn.com/w320/sy.png,https://flagcdn.com/sy.svg,"The flag of Syria is composed of three equal horizontal bands of red, white and black. At the center of the white band are two small five-pointed green stars arranged in a horizontal line.",https://mainfacts.com/media/images/coats_of_arms/sy.png,https://mainfacts.com/media/images/coats_of_arms/sy.svg
TLS,🇹🇱,https://flagcdn.com/w320/tl.png,https://flagcdn.com/tl.svg,"The flag of Timor-Leste has a red field with two isosceles triangles which share a common base on the hoist end. The smaller black triangle, which bears a five-pointed white star at its center and spans one-third the width of the field, is superimposed on the larger yellow triangle that extends to the center of the field.",,
SMR,🇸🇲,https://flagcdn.com/w320/sm.png,https://flagcdn.com/sm.svg,"The flag of San Marino is composed of two equal horizontal bands of white and light blue, with the national coat of arms superimposed in the center.",https://mainfacts.com/media/images/coats_of_arms/sm.png,https://mainfacts.com/media/images/coats_of_arms/sm.svg
GMB,🇬🇲,https://flagcdn.com/w320/gm.png,https://flagcdn.com/gm.svg,"The flag of Gambia is composed of three equal horizontal bands of red, blue with white top and bottom edges, and green.",https://mainfacts.com/media/images/coats_of_arms/gm.png,https://mainfacts.com/media/images/coats_of_arms/gm.svg
PER,🇵🇪,https://flagcdn.com/w320/pe.png,https://flagcdn.com/pe.svg,"The flag of Peru is composed of three equal vertical bands of red, white and red, with the national emblem centered in the white band.",https://mainfacts.com/media/images/coats_of_arms/pe.png,https://mainfacts.com/media/images/coats_of_arms/pe.svg
GNB,🇬🇼,https://flagcdn.com/w320/gw.png,https://flagcdn.com/gw.svg,"The flag of Guinea-Bissau features a red vertical band on its hoist side that takes up about two-fifth the width of the field, and two equal horizontal bands of yellow and green adjoining the vertical band. A five-pointed black star is centered in the vertical band.",https://mainfacts.com/media/images/coats_of_arms/gw.png,https://mainfacts.com/media/images/coats_of_arms/gw.svg
SLE,🇸🇱,https://flagcdn.com/w320/sl.png,https://flagcdn.com/sl.svg,"The flag of Sierra Leone is composed of three equal horizontal bands of green, white and blue.",https://mainfacts.com/media/images/coats_of_arms/sl.png,https://mainfacts.com/media/images/coats_of_arms/sl.svg
TUR,🇹🇷,https://flagcdn.com/w320/tr.png,https://flagcdn.com/tr.svg,The flag of Turkey has a red field bearing a large fly-side facing white crescent and a smaller five-pointed white star placed just outside the crescent opening. The white crescent and star are offset slightly towards the hoist side of center.,https://mainfacts.com/media/images/coats_of_arms/tr.png,https://mainfacts.com/media/images/coats_of_arms/tr.svg
BOL,🇧🇴,https://flagcdn.com/w320/bo.png,https://flagcdn.com/bo.svg,"The flag of Bolivia is composed of three equal horizontal bands of red, yellow and green, with the national coat of arms centered in the yellow band.",https://mainfacts.com/media/images/coats_of_arms/bo.png,https://mainfacts.com/media/images/coats_of_arms/bo.svg
NOR,🇳🇴,https://flagcdn.com/w320/no.png,https://flagcdn.com/no.svg,The flag of Norway has a red field with a large white-edged navy blue cross that extends to the edges of the field. The vertical part of this cross is offset towards the hoist side.,https://mainfacts.com/media/images/coats_of_arms/no.png,https://mainfacts.com/media/images/coats_of_arms/no.svg
COG,🇨🇬,https://flagcdn.com/w320/cg.png,https://flagcdn.com/cg.svg,The flag of the Republic of the Congo features a yellow diagonal band that extends from the lower hoist-side corner to the upper fly-side corner of the field. Above and beneath this band are a green and red triangle respectively.,https://mainfacts.com/media/images/coats_of_arms/cd.png,https://mainfacts.com/media/images/coats_of_arms/cd.svg
SWZ,🇸🇿,https://flagcdn.com/w320/sz.png,https://flagcdn.com/sz.svg,"The flag of Eswatini is composed of three horizontal bands — a large central yellow-edged red band, and a light blue band above and beneath the red band. The red band is three times the height of the blue bands and bears a centered emblem made up of a large black and white Nguni shield covering two spears and a staff decorated with feather tassels, all placed horizontally.",,
PRY,🇵🇾,https://flagcdn.com/w320/py.png,https://flagcdn.com/py.svg,"The flag of Paraguay features three equal horizontal bands of red, white and blue, with an emblem centered in the white band. On the obverse side of the flag depicted, this emblem is the national coat of arms.",https://mainfacts.com/media/images/coats_of_arms/py.png,https://mainfacts.com/media/images/coats_of_arms/py.svg
UKR,🇺🇦,https://flagcdn.com/w320/ua.png,https://flagcdn.com/ua.svg,The flag of Ukraine is composed of two equal horizontal bands of blue and yellow.,https://mainfacts.com/media/images/coats_of_arms/ua.png,https://mainfacts.com/media/images/coats_of_arms/ua.svg
MYS,🇲🇾,https://flagcdn.com/w320/my.png,https://flagcdn.com/my.svg,"The flag of Malaysia is composed of fourteen equal horizontal bands of red alternating with white. A blue rectangle, bearing a fly-side facing yellow crescent and a fourteen-pointed yellow star placed just outside the crescent opening, is superimposed in the canton.",https://mainfacts.com/media/images/coats_of_arms/my.png,https://mainfacts.com/media/images/coats_of_arms/my.svg
TON,🇹🇴,https://flagcdn.com/w320/to.png,https://flagcdn.com/to.svg,The flag of Tonga has a red field. A white rectangle bearing a red Greek cross is superimposed in the canton.,https://mainfacts.com/media/images/coats_of_arms/to.png,https://mainfacts.com/media/images/coats_of_arms/to.svg
BEN,🇧🇯,https://flagcdn.com/w320/bj.png,https://flagcdn.com/bj.svg,The flag of Benin features a green vertical band on its hoist side that takes up about two-fifth the width of the field and two equal horizontal bands of yellow and red adjoining the vertical band.,https://mainfacts.com/media/images/coats_of_arms/bj.png,https://mainfacts.com/media/images/coats_of_arms/bj.svg
SWE,🇸🇪,https://flagcdn.com/w320/se.png,https://flagcdn.com/se.svg,The flag of Sweden has a blue field with a large golden-yellow cross that extend to the edges of the field. The vertical part of this cross is offset towards the hoist side.,https://mainfacts.com/media/images/coats_of_arms/se.png,https://mainfacts.com/media/images/coats_of_arms/se.svg
TUV,🇹🇻,https://flagcdn.com/w320/tv.png,https://flagcdn.com/tv.svg,The flag of Tuvalu has a light blue field with the flag of the United Kingdom — the Union Jack — in the canton. A representation of the country's nine Islands using nine five-pointed yellow stars is situated in the fly half of the field.,https://mainfacts.com/media/images/coats_of_arms/tv.png,https://mainfacts.com/media/images/coats_of_arms/tv.svg
MNG,🇲🇳,https://flagcdn.com/w320/mn.png,https://flagcdn.com/mn.svg,"The flag of Mongolia is composed of three equal vertical bands of red, blue and red, with the national emblem — the Soyombo — in gold centered in the hoist-side red band.",https://mainfacts.com/media/images/coats_of_arms/mn.png,https://mainfacts.com/media/images/coats_of_arms/mn.svg
ZAF,🇿🇦,https://flagcdn.com/w320/za.png,https://flagcdn.com/za.svg,"The flag of South Africa is composed of two equal horizontal bands of red and blue, with a yellow-edged black isosceles triangle superimposed on the hoist side of the field. This triangle has its base centered on the hoist end, spans about two-fifth the width and two-third the height of the field, and is enclosed on its sides by the arms of a white-edged green horizontally oriented Y-shaped band which extends along the boundary of the red and blue bands to the fly end of the field.",https://mainfacts.com/media/images/coats_of_arms/za.png,https://mainfacts.com/media/images/coats_of_arms/za.svg
CUW,🇨🇼,https://flagcdn.com/w320/cw.png,https://flagcdn.com/cw.svg,,https://mainfacts.com/media/images/coats_of_arms/cw.png,https://mainfacts.com/media/images/coats_of_arms/cw.svg
AUS,🇦🇺,https://flagcdn.com/w320/au.png,https://flagcdn.com/au.svg,"The flag of Australia has a dark blue field. It features the flag of the United Kingdom — the Union Jack — in the canton, beneath which is a large white seven-pointed star. A representation of the Southern Cross constellation, made up of one small five-pointed and four larger seven-pointed white stars, is situated on the fly side of the field.",https://mainfacts.com/media/images/coats_of_arms/au.png,https://mainfacts.com/media/images/coats_of_arms/au.svg
KNA,🇰🇳,https://flagcdn.com/w320/kn.png,https://flagcdn.com/kn.svg,The flag of Saint Kitts and Nevis features two large five-pointed white stars within a yellow-edged black diagonal band that extends from the lower hoist-side corner to the upper fly-side corner of the field. Above and beneath this band are a green and red triangle respectively.,https://mainfacts.com/media/images/coats_of_arms/kn.png,https://mainfacts.com/media/images/coats_of_arms/kn.svg
GHA,🇬🇭,https://flagcdn.com/w320/gh.png,https://flagcdn.com/gh.svg,"The flag of Ghana is composed of three equal horizontal bands of red, gold and green, with a five-pointed black star centered in the gold band.",https://mainfacts.com/media/images/coats_of_arms/gh.png,https://mainfacts.com/media/images/coats_of_arms/gh.svg
IRQ,🇮🇶,https://flagcdn.com/w320/iq.png,https://flagcdn.com/iq.svg,"The flag of Iraq is composed of three equal horizontal bands of red, white and black. In the central white band are Arabic inscriptions in green.",https://mainfacts.com/media/images/coats_of_arms/iq.png,https://mainfacts.com/media/images/coats_of_arms/iq.svg
VNM,🇻🇳,https://flagcdn.com/w320/vn.png,https://flagcdn.com/vn.svg,The flag of Vietnam features a large five-pointed yellow star on a red field.,https://mainfacts.com/media/images/coats_of_arms/vn.png,https://mainfacts.com/media/images/coats_of_arms/vn.svg
GUY,🇬🇾,https://flagcdn.com/w320/gy.png,https://flagcdn.com/gy.svg,The flag of Guyana has a green field with two isosceles triangles which share a common base on the hoist end. The smaller black-edged red triangle spanning half the width of the field is superimposed on the larger white-edged yellow triangle which spans the full width of the field.,https://mainfacts.com/media/images/coats_of_arms/gy.png,https://mainfacts.com/media/images/coats_of_arms/gy.svg
AZE,🇦🇿,https://flagcdn.com/w320/az.png,https://flagcdn.com/az.svg,"The flag of Azerbaijan features three equal horizontal bands of blue, red and green, with a white fly-side facing crescent and eight-pointed star centered in the red band.",https://mainfacts.com/media/images/coats_of_arms/az.png,https://mainfacts.com/media/images/coats_of_arms/az.svg
CMR,🇨🇲,https://flagcdn.com/w320/cm.png,https://flagcdn.com/cm.svg,"The flag of Cameroon is composed of three equal vertical bands of green, red and yellow, with a yellow five-pointed star in the center.",https://mainfacts.com/media/images/coats_of_arms/cm.png,https://mainfacts.com/media/images/coats_of_arms/cm.svg
EGY,🇪🇬,https://flagcdn.com/w320/eg.png,https://flagcdn.com/eg.svg,"The flag of Egypt is composed of three equal horizontal bands of red, white and black, with Egypt's national emblem — a hoist-side facing gold eagle of Saladin — centered in the white band.",https://mainfacts.com/media/images/coats_of_arms/eg.png,https://mainfacts.com/media/images/coats_of_arms/eg.svg
ISL,🇮🇸,https://flagcdn.com/w320/is.png,https://flagcdn.com/is.svg,The flag of Iceland has a blue field with a large white-edged red cross that extends to the edges of the field. The vertical part of this cross is offset towards the hoist side.,https://mainfacts.com/media/images/coats_of_arms/is.png,https://mainfacts.com/media/images/coats_of_arms/is.svg
VEN,🇻🇪,https://flagcdn.com/w320/ve.png,https://flagcdn.com/ve.svg,"The flag of Venezuela is composed of three equal horizontal bands of yellow, blue and red. At the center of the blue band are eight five-pointed white stars arranged in a horizontal arc.",https://mainfacts.com/media/images/coats_of_arms/ve.png,https://mainfacts.com/media/images/coats_of_arms/ve.svg
BRB,🇧🇧,https://flagcdn.com/w320/bb.png,https://flagcdn.com/bb.svg,"The flag of Barbados is composed of three equal vertical bands of ultramarine, gold and ultramarine. The head of a black trident is centered in the gold band.",https://mainfacts.com/media/images/coats_of_arms/bb.png,https://mainfacts.com/media/images/coats_of_arms/bb.svg
FLK,🇫🇰,https://flagcdn.com/w320/fk.png,https://flagcdn.com/fk.svg,,https://mainfacts.com/media/images/coats_of_arms/fk.png,https://mainfacts.com/media/images/coats_of_arms/fk.svg
MWI,🇲🇼,https://flagcdn.com/w320/mw.png,https://flagcdn.com/mw.svg,"The flag of Malawi is composed of three equal horizontal bands of black, red and green. The top half of a red sun with thirty-one visible rays is centered in the black band.",https://mainfacts.com/media/images/coats_of_arms/mw.png,https://mainfacts.com/media/images/coats_of_arms/mw.svg
KGZ,🇰🇬,https://flagcdn.com/w320/kg.png,https://flagcdn.com/kg.svg,The flag of Kyrgyzstan features a yellow sun with forty rays at the center of a red field. At the center of the sun is a stylized depiction of a tunduk.,https://mainfacts.com/media/images/coats_of_arms/kg.png,https://mainfacts.com/media/images/coats_of_arms/kg.svg
TWN,🇹🇼,https://flagcdn.com/w320/tw.png,https://flagcdn.com/tw.svg,,https://mainfacts.com/media/images/coats_of_arms/tw.png,https://mainfacts.com/media/images/coats_of_arms/tw.svg
BGR,🇧🇬,https://flagcdn.com/w320/bg.png,https://flagcdn.com/bg.svg,"The flag of Bulgaria is composed of three equal horizontal bands of white, green and red.",https://mainfacts.com/media/images/coats_of_arms/bg.png,https://mainfacts.com/media/images/coats_of_arms/bg.svg
PRK,🇰🇵,https://flagcdn.com/w320/kp.png,https://flagcdn.com/kp.svg,"The flag of North Korea is composed of three horizontal bands — a large central white-edged red band, and a blue band above and beneath the red band. On the hoist side of the red band is a red five-pointed star within a white circle.",https://mainfacts.com/media/images/coats_of_arms/kp.png,https://mainfacts.com/media/images/coats_of_arms/kp.svg
AND,🇦🇩,https://flagcdn.com/w320/ad.png,https://flagcdn.com/ad.svg,"The flag of Andorra features three equal vertical bands of blue, yellow and red, with the coat of arms of Andorra centered in the yellow band.",https://mainfacts.com/media/images/coats_of_arms/ad.png,https://mainfacts.com/media/images/coats_of_arms/ad.svg
AGO,🇦🇴,https://flagcdn.com/w320/ao.png,https://flagcdn.com/ao.svg,"The flag of Angola features two equal horizontal bands of red and black, with a yellow emblem at its centre. This emblem consists of a five-pointed star within the hoist-side facing half of a cogwheel that is crossed on its lower end by a machete.",https://mainfacts.com/media/images/coats_of_arms/ao.png,https://mainfacts.com/media/images/coats_of_arms/ao.svg
BLM,🇧🇱,https://flagcdn.com/w320/bl.png,https://flagcdn.com/bl.svg,,,
RUS,🇷🇺,https://flagcdn.com/w320/ru.png,https://flagcdn.com/ru.svg,"The flag of Russia is composed of three equal horizontal bands of white, blue and red.",https://mainfacts.com/media/images/coats_of_arms/ru.png,https://mainfacts.com/media/images/coats_of_arms/ru.svg
BFA,🇧🇫,https://flagcdn.com/w320/bf.png,https://flagcdn.com/bf.svg,"The flag of Burkina Faso features two equal horizontal bands of red and green, with a yellow five-pointed star in the center.",https://mainfacts.com/media/images/coats_of_arms/bf.png,https://mainfacts.com/media/images/coats_of_arms/bf.svg
VAT,🇻🇦,https://flagcdn.com/w320/va.png,https://flagcdn.com/va.svg,"The flag of Vatican City is square shaped. It is composed of two equal vertical bands of yellow and white, with national coat of arms centered in the white band. The national coat of arms comprises the Papal Tiara superimposed on two crossed keys.",https://mainfacts.com/media/images/coats_of_arms/va.png,https://mainfacts.com/media/images/coats_of_arms/va.svg
IMN,🇮🇲,https://flagcdn.com/w320/im.png,https://flagcdn.com/im.svg,,https://mainfacts.com/media/images/coats_of_arms/im.png,https://mainfacts.com/media/images/coats_of_arms/im.svg
AFG,🇦🇫,https://upload.wikimedia.org/wikipedia/commons/thumb/5/5c/Flag_of_the_Taliban.svg/320px-Flag_of_the_Taliban.svg.png,https://upload.wikimedia.org/wikipedia/commons/5/5c/Flag_of_the_Taliban.svg,The flag of the Islamic Emirate of Afghanistan has a white field with Arabic inscriptions — the Shahada — in black across its center.,https://mainfacts.com/media/images/coats_of_arms/af.png,https://mainfacts.com/media/images/coats_of_arms/af.svg
HRV,🇭🇷,https://flagcdn.com/w320/hr.png,https://flagcdn.com/hr.svg,"The flag of Croatia is composed of three equal horizontal bands of red, white and blue, with coat of arms of Croatia superimposed in the center.",https://mainfacts.com/media/images/coats_of_arms/hr.png,https://mainfacts.com/media/images/coats_of_arms/hr.svg
BTN,🇧🇹,https://flagcdn.com/w320/bt.png,https://flagcdn.com/bt.svg,"The flag of Bhutan is divided diagonally, from the lower hoist-side corner to the upper fly-side corner, into an upper yellow and a lower orange triangle. A fly-side facing white dragon holding four jewels in its claws is situated along the boundary of the two triangles.",https://mainfacts.com/media/images/coats_of_arms/bt.png,https://mainfacts.com/media/images/coats_of_arms/bt.svg
BLR,🇧🇾,https://flagcdn.com/w320/by.png,https://flagcdn.com/by.svg,"The flag of Belarus features a vertical band, with a white and red ornamental pattern, spanning about one-fifth the width of the field on the hoist side. Adjoining the vertical band are two horizontal bands of red and green, with the red band twice the height of the green band.",https://mainfacts.com/media/images/coats_of_arms/by.png,https://mainfacts.com/media/images/coats_of_arms/by.svg
CCK,🇨🇨,https://flagcdn.com/w320/cc.png,https://flagcdn.com/cc.svg,,,
NZL,🇳🇿,https://flagcdn.com/w320/nz.png,https://flagcdn.com/nz.svg,"The flag of New Zealand has a dark blue field with the flag of the United Kingdom — the Union Jack — in the canton and a representation of the Southern Cross constellation, made up of four five-pointed white-edged red stars, on the fly side of the field.",https://mainfacts.com/media/images/coats_of_arms/nz.png,https://mainfacts.com/media/images/coats_of_arms/nz.svg
MDG,🇲🇬,https://flagcdn.com/w320/mg.png,https://flagcdn.com/mg.svg,"The flag of Madagascar features a white vertical band on the hoist side that takes up about one-third the width of the field, and two equal horizontal bands of red and green adjoining the vertical band.",https://mainfacts.com/media/images/coats_of_arms/mg.png,https://mainfacts.com/media/images/coats_of_arms/mg.svg
THA,🇹🇭,https://flagcdn.com/w320/th.png,https://flagcdn.com/th.svg,"The flag of Thailand is composed of five horizontal bands of red, white, blue, white and red, with the central blue band twice the height of the other four bands.",https://mainfacts.com/media/images/coats_of_arms/th.png,https://mainfacts.com/media/images/coats_of_arms/th.svg
GEO,🇬🇪,https://flagcdn.com/w320/ge.png,https://flagcdn.com/ge.svg,The flag of Georgia has a white field with a large centered red cross that extends to the edges and divides the field into four quarters. A small red Bolnur-Katskhuri cross is centered in each quarter.,https://mainfacts.com/media/images/coats_of_arms/ge.png,https://mainfacts.com/media/images/coats_of_arms/ge.svg
IND,🇮🇳,https://flagcdn.com/w320/in.png,https://flagcdn.com/in.svg,"The flag of India is composed of three equal horizontal bands of saffron, white and green. A navy blue wheel with twenty-four spokes — the Ashoka Chakra — is centered in the white band.",https://mainfacts.com/media/images/coats_of_arms/in.png,https://mainfacts.com/media/images/coats_of_arms/in.svg
CHN,🇨🇳,https://flagcdn.com/w320/cn.png,https://flagcdn.com/cn.svg,The flag of China has a red field. In the canton are five yellow five-pointed stars — a large star and four smaller stars arranged in a vertical arc on the fly side of the large star.,https://mainfacts.com/media/images/coats_of_arms/cn.png,https://mainfacts.com/media/images/coats_of_arms/cn.svg
SPM,🇵🇲,https://flagcdn.com/w320/pm.png,https://flagcdn.com/pm.svg,,,
PRI,🇵🇷,https://flagcdn.com/w320/pr.png,https://flagcdn.com/pr.svg,,,
DJI,🇩🇯,https://flagcdn.com/w320/dj.png,https://flagcdn.com/dj.svg,"The flag of Djibouti is composed of two equal horizontal bands of light blue and light green, with a white isosceles triangle superimposed on the hoist side of the field. The triangle has its base on the hoist end, spans about two-fifth the width of the field and bears a red five-pointed star at its center.",https://mainfacts.com/media/images/coats_of_arms/dj.png,https://mainfacts.com/media/images/coats_of_arms/dj.svg
SAU,🇸🇦,https://flagcdn.com/w320/sa.png,https://flagcdn.com/sa.svg,"The flag of Saudi Arabia has a green field, at the center of which is an Arabic inscription — the Shahada — in white above a white horizontal sabre with its tip pointed to the hoist side of the field.",https://mainfacts.com/media/images/coats_of_arms/sa.png,https://mainfacts.com/media/images/coats_of_arms/sa.svg
IRN,🇮🇷,https://flagcdn.com/w320/ir.png,https://flagcdn.com/ir.svg,"The flag of Iran is composed of three equal horizontal bands of green, white and red. A red emblem of Iran is centered in the white band and Arabic inscriptions in white span the bottom edge of the green band and the top edge of the red band.",https://mainfacts.com/media/images/coats_of_arms/ir.png,https://mainfacts.com/media/images/coats_of_arms/ir.svg
ZMB,🇿🇲,https://flagcdn.com/w320/zm.png,https://flagcdn.com/zm.svg,"The flag of Zambia has a green field, on the fly side of which is a soaring orange African fish eagle above a rectangular area divided into three equal vertical bands of red, black and orange.",https://mainfacts.com/media/images/coats_of_arms/zm.png,https://mainfacts.com/media/images/coats_of_arms/zm.svg
ETH,🇪🇹,https://flagcdn.com/w320/et.png,https://flagcdn.com/et.svg,"The flag of Ethiopia is composed of three equal horizontal bands of green, yellow and red, with the national emblem superimposed at the center of the field. The national emblem comprises a light blue circle bearing a golden-yellow pentagram with single yellow rays emanating from the angles between the points of the pentagram.",https://mainfacts.com/media/images/coats_of_arms/et.png,https://mainfacts.com/media/images/coats_of_arms/et.svg
MAC,🇲🇴,https://flagcdn.com/w320/mo.png,https://flagcdn.com/mo.svg,,https://mainfacts.com/media/images/coats_of_arms/mo.png,https://mainfacts.com/media/images/coats_of_arms/mo.svg
GTM,🇬🇹,https://flagcdn.com/w320/gt.png,https://flagcdn.com/gt.svg,"The flag of Guatemala is composed of three equal vertical bands of light blue, white and light blue, with the national coat of arms centered in the white band.",https://mainfacts.com/media/images/coats_of_arms/gt.png,https://mainfacts.com/media/images/coats_of_arms/gt.svg
MTQ,🇲🇶,https://flagcdn.com/w320/mq.png,https://flagcdn.com/mq.svg,,https://mainfacts.com/media/images/coats_of_arms/mq.png,https://mainfacts.com/media/images/coats_of_arms/mq.svg
SUR,🇸🇷,https://flagcdn.com/w320/sr.png,https://flagcdn.com/sr.svg,"The flag of Suriname is composed of five horizontal bands of green, white, red, white and green in the ratio of 2:1:4:1:2. A large five-pointed yellow star is centered in the red band.",https://mainfacts.com/media/images/coats_of_arms/sr.png,https://mainfacts.com/media/images/coats_of_arms/sr.svg
URY,🇺🇾,https://flagcdn.com/w320/uy.png,https://flagcdn.com/uy.svg,"The flag of Uruguay is composed of nine equal horizontal bands of white alternating with blue, with a white square superimposed in the canton. In the white square is a yellow sun bearing a human face — the Sun of May — from which sixteen rays extend. The sun's rays alternate between triangular and wavy.",https://mainfacts.com/media/images/coats_of_arms/uy.png,https://mainfacts.com/media/images/coats_of_arms/uy.svg
ITA,🇮🇹,https://flagcdn.com/w320/it.png,https://flagcdn.com/it.svg,"The flag of Italy is composed of three equal vertical bands of green, white and red.",https://mainfacts.com/media/images/coats_of_arms/it.png,https://mainfacts.com/media/images/coats_of_arms/it.svg
NCL,🇳🇨,https://flagcdn.com/w320/nc.png,https://flagcdn.com/nc.svg,,https://mainfacts.com/media/images/coats_of_arms/nc.png,https://mainfacts.com/media/images/coats_of_arms/nc.svg
FJI,🇫🇯,https://flagcdn.com/w320/fj.png,https://flagcdn.com/fj.svg,The flag of Fiji has a light blue field. It features the flag of the United Kingdom — the Union Jack — in the canton and the shield of the national coat of arms centered in the fly half.,https://mainfacts.com/media/images/coats_of_arms/fj.png,https://mainfacts.com/media/images/coats_of_arms/fj.svg
ABW,🇦🇼,https://flagcdn.com/w320/aw.png,https://flagcdn.com/aw.svg,,https://mainfacts.com/media/images/coats_of_arms/aw.png,https://mainfacts.com/media/images/coats_of_arms/aw.svg
STP,🇸🇹,https://flagcdn.com/w320/st.png,https://flagcdn.com/st.svg,"The flag of South Sudan is composed of three equal horizontal bands of black, red with white top and bottom edges, and green. A blue equilateral triangle which spans about two-fifth the width of the field is superimposed on the hoist side with its base on the hoist end of the field. At the center of this triangle is a five-pointed yellow star.",https://mainfacts.com/media/images/coats_of_arms/st.png,https://mainfacts.com/media/images/coats_of_arms/st.svg
CHE,🇨🇭,https://flagcdn.com/w320/ch.png,https://flagcdn.com/ch.svg,The flag of Switzerland is square shaped. It features a white Swiss cross centered on a red field.,https://mainfacts.com/media/images/coats_of_arms/ch.png,https://mainfacts.com/media/images/coats_of_arms/ch.svg
COD,🇨🇩,https://flagcdn.com/w320/cd.png,https://flagcdn.com/cd.svg,The flag of the Democratic Republic of the Congo has a sky-blue field with a yellow-edged red diagonal band that extends from the lower hoist-side corner to the upper fly-side corner of the field. A large five-pointed yellow star is situated above the diagonal band on the upper hoist side of the field.,,
FIN,🇫🇮,https://flagcdn.com/w320/fi.png,https://flagcdn.com/fi.svg,The flag of Finland has a white field with a large blue cross that extend to the edges of the field. The vertical part of this cross is offset towards the hoist side.,https://mainfacts.com/media/images/coats_of_arms/fi.png,https://mainfacts.com/media/images/coats_of_arms/fi.svg
MLT,🇲🇹,https://flagcdn.com/w320/mt.png,https://flagcdn.com/mt.svg,The flag of Malta is composed of two equal vertical bands of white and red. A representation of the George cross edged in red is situated on the upper hoist-side corner of the white band.,https://mainfacts.com/media/images/coats_of_arms/mt.png,https://mainfacts.com/media/images/coats_of_arms/mt.svg
SLV,🇸🇻,https://flagcdn.com/w320/sv.png,https://flagcdn.com/sv.svg,"The flag of El Salvador is composed of three equal horizontal bands of cobalt blue, white and cobalt blue, with the national coat of arms centered in the white band.",https://mainfacts.com/media/images/coats_of_arms/sv.png,https://mainfacts.com/media/images/coats_of_arms/sv.svg
JOR,🇯🇴,https://flagcdn.com/w320/jo.png,https://flagcdn.com/jo.svg,"The flag of Jordan is composed of three equal horizontal bands of black, white and green, with a red isosceles triangle superimposed on the hoist side of the field. This triangle has its base on the hoist end, spans about half the width of the field and bears a small seven-pointed white star at its center.",https://mainfacts.com/media/images/coats_of_arms/jo.png,https://mainfacts.com/media/images/coats_of_arms/jo.svg
TKL,🇹🇰,https://flagcdn.com/w320/tk.png,https://flagcdn.com/tk.svg,,,
NRU,🇳🇷,https://flagcdn.com/w320/nr.png,https://flagcdn.com/nr.svg,The flag of Nauru has a dark blue field with a thin yellow horizontal band across the center and a large white twelve-pointed star beneath the horizontal band on the hoist side of the field.,https://mainfacts.com/media/images/coats_of_arms/nr.png,https://mainfacts.com/media/images/coats_of_arms/nr.svg
POL,🇵🇱,https://flagcdn.com/w320/pl.png,https://flagcdn.com/pl.svg,The flag of Poland is composed of two equal horizontal bands of white and red.,https://mainfacts.com/media/images/coats_of_arms/pl.png,https://mainfacts.com/media/images/coats_of_arms/pl.svg
MRT,🇲🇷,https://flagcdn.com/w320/mr.png,https://flagcdn.com/mr.svg,The flag of Mauritania has a green field with a thin red horizontal band at the top and bottom of the field. At the center of the field is a five-pointed yellow star above an upward facing yellow crescent.,https://mainfacts.com/media/images/coats_of_arms/mr.png,https://mainfacts.com/media/images/coats_of_arms/mr.svg
WLF,🇼🇫,https://flagcdn.com/w320/wf.png,https://flagcdn.com/wf.svg,,,
ATA,🇦🇶,https://flagcdn.com/w320/aq.png,https://flagcdn.com/aq.svg,,https://mainfacts.com/media/images/coats_of_arms/aq.png,https://mainfacts.com/media/images/coats_of_arms/aq.svg
GUM,🇬🇺,https://flagcdn.com/w320/gu.png,https://flagcdn.com/gu.svg,,https://mainfacts.com/media/images/coats_of_arms/gu.png,https://mainfacts.com/media/images/coats_of_arms/gu.svg
MKD,🇲🇰,https://flagcdn.com/w320/mk.png,https://flagcdn.com/mk.svg,"The flag of North Macedonia has a red field, at the center of which is a golden-yellow sun with eight broadening rays that extend to the edges of the field.",https://mainfacts.com/media/images/coats_of_arms/mk.png,https://mainfacts.com/media/images/coats_of_arms/mk.svg
TGO,🇹🇬,https://flagcdn.com/w320/tg.png,https://flagcdn.com/tg.svg,The flag of Togo is composed of five equal horizontal bands of green alternating with yellow. A red square bearing a five-pointed white star is superimposed in the canton.,https://mainfacts.com/media/images/coats_of_arms/tg.png,https://mainfacts.com/media/images/coats_of_arms/tg.svg
MMR,🇲🇲,https://flagcdn.com/w320/mm.png,https://flagcdn.com/mm.svg,"The flag of Myanmar is composed of three equal horizontal bands of yellow, green and red, with a large five-pointed white star superimposed at the center of the field.",https://mainfacts.com/media/images/coats_of_arms/mm.png,https://mainfacts.com/media/images/coats_of_arms/mm.svg
QAT,🇶🇦,https://flagcdn.com/w320/qa.png,https://flagcdn.com/qa.svg,"The flag of Qatar has a maroon field, on the hoist side of which is a white vertical band that spans about one-third the width of the field and is separated from the rest of the field by nine adjoining fly-side pointing white isosceles triangles that serve as a serrated line.",https://mainfacts.com/media/images/coats_of_arms/qa.png,https://mainfacts.com/media/images/coats_of_arms/qa.svg
FRA,🇫🇷,https://flagcdn.com/w320/fr.png,https://flagcdn.com/fr.svg,"The flag of France is composed of three equal vertical bands of blue, white and red.",https://mainfacts.com/media/images/coats_of_arms/fr.png,https://mainfacts.com/media/images/coats_of_arms/fr.svg
MYT,🇾🇹,https://flagcdn.com/w320/yt.png,https://flagcdn.com/yt.svg,,,
NFK,🇳🇫,https://flagcdn.com/w320/nf.png,https://flagcdn.com/nf.svg,,,
SYC,🇸🇨,https://flagcdn.com/w320/sc.png,https://flagcdn.com/sc.svg,"The flag of Seychelles is composed of five broadening oblique bands of blue, yellow, red, white and green, which extend from the hoist side of the bottom edge to the top and fly edges of the field.",https://mainfacts.com/media/images/coats_of_arms/sc.png,https://mainfacts.com/media/images/coats_of_arms/sc.svg
MDA,🇲🇩,https://flagcdn.com/w320/md.png,https://flagcdn.com/md.svg,"The flag of Moldova is composed of three equal vertical bands of blue, yellow and red, with the national coat of arms centered in the yellow band.",https://mainfacts.com/media/images/coats_of_arms/md.png,https://mainfacts.com/media/images/coats_of_arms/md.svg
SSD,🇸🇸,https://flagcdn.com/w320/ss.png,https://flagcdn.com/ss.svg,"The flag of South Sudan is composed of three equal horizontal bands of black, red with white top and bottom edges, and green. A blue equilateral triangle which spans about two-fifth the width of the field is superimposed on the hoist side with its base on the hoist end of the field. At the center of this triangle is a five-pointed yellow star.",https://mainfacts.com/media/images/coats_of_arms/ss.png,https://mainfacts.com/media/images/coats_of_arms/ss.svg
BRN,🇧🇳,https://flagcdn.com/w320/bn.png,https://flagcdn.com/bn.svg,The flag of Brunei has a yellow field with two adjoining diagonal bands of white and black that extend from the upper hoist side of the field to the lower fly side. The red emblem of Brunei is centered on the field.,https://mainfacts.com/media/images/coats_of_arms/bn.png,https://mainfacts.com/media/images/coats_of_arms/bn.svg
JPN,🇯🇵,https://flagcdn.com/w320/jp.png,https://flagcdn.com/jp.svg,The flag of Japan features a crimson-red circle at the center of a white field.,https://mainfacts.com/media/images/coats_of_arms/jp.png,https://mainfacts.com/media/images/coats_of_arms/jp.svg
GRD,🇬🇩,https://flagcdn.com/w320/gd.png,https://flagcdn.com/gd.svg,"The flag of Grenada features a large central rectangular area surrounded by a red border, with three five-pointed yellow stars centered on the top and bottom borders. The central rectangle is divided diagonally into four alternating triangular areas of yellow at the top and bottom and green on the hoist and fly sides, and a five-pointed yellow star on a red circle is superimposed at its center. A symbolic nutmeg pod is situated on the green hoist-side triangle.",https://mainfacts.com/media/images/coats_of_arms/gd.png,https://mainfacts.com/media/images/coats_of_arms/gd.svg
ESP,🇪🇸,https://flagcdn.com/w320/es.png,https://flagcdn.com/es.svg,"The flag of Spain is composed of three horizontal bands of red, yellow and red, with the yellow band twice the height of the red bands. In the yellow band is the national coat of arms offset slightly towards the hoist side of center.",https://mainfacts.com/media/images/coats_of_arms/es.png,https://mainfacts.com/media/images/coats_of_arms/es.svg
BES,🇧🇶,https://flagcdn.com/w320/bq.png,https://flagcdn.com/bq.svg,,https://mainfacts.com/media/images/coats_of_arms/bq.png,https://mainfacts.com/media/images/coats_of_arms/bq.svg
PNG,🇵🇬,https://flagcdn.com/w320/pg.png,https://flagcdn.com/pg.svg,"The flag of Papua New Guinea is divided diagonally, from the upper hoist-side corner to the lower fly-side corner, into a lower black and an upper red triangle. On the hoist side of the lower black triangle is a representation of the Southern Cross constellation made up of one small and four larger five-pointed white stars. A golden Raggiana bird-of-paradise is situated on the fly side of the upper red triangle.",https://mainfacts.com/media/images/coats_of_arms/pg.png,https://mainfacts.com/media/images/coats_of_arms/pg.svg
UZB,🇺🇿,https://flagcdn.com/w320/uz.png,https://flagcdn.com/uz.svg,"The flag of Uzbekistan is composed of three equal horizontal bands of turquoise, white with red top and bottom edges, and green. On the hoist side of the turquoise band is a fly-side facing white crescent and twelve five-pointed white stars arranged just outside the crescent opening in three rows comprising three, four and five stars.",https://mainfacts.com/media/images/coats_of_arms/uz.png,https://mainfacts.com/media/images/coats_of_arms/uz.svg
ARG,🇦🇷,https://flagcdn.com/w320/ar.png,https://flagcdn.com/ar.svg,"The flag of Argentina features three equal horizontal bands of light blue, white and light blue. A brown-edged golden sun is centered in the white band.",https://mainfacts.com/media/images/coats_of_arms/ar.png,https://mainfacts.com/media/images/coats_of_arms/ar.svg
KOR,🇰🇷,https://flagcdn.com/w320/kr.png,https://flagcdn.com/kr.svg,"The flag of South Korea has a white field, at the center of which is a red and blue Taegeuk circle surrounded by four black trigrams, one in each corner.",https://mainfacts.com/media/images/coats_of_arms/kr.png,https://mainfacts.com/media/images/coats_of_arms/kr.svg
BLZ,🇧🇿,https://flagcdn.com/w320/bz.png,https://flagcdn.com/bz.svg,The flag of Belize has a royal blue field with a thin red horizontal band at the top and bottom of the field and the national coat of arms in the center.,https://mainfacts.com/media/images/coats_of_arms/bz.png,https://mainfacts.com/media/images/coats_of_arms/bz.svg
REU,🇷🇪,https://flagcdn.com/w320/re.png,https://flagcdn.com/re.svg,,,
MEX,🇲🇽,https://flagcdn.com/w320/mx.png,https://flagcdn.com/mx.svg,"The flag of Mexico is composed of three equal vertical bands of green, white and red, with the national coat of arms centered in the white band.",https://mainfacts.com/media/images/coats_of_arms/mx.png,https://mainfacts.com/media/images/coats_of_arms/mx.svg
VIR,🇻🇮,https://flagcdn.com/w320/vi.png,https://flagcdn.com/vi.svg,,,
SRB,🇷🇸,https://flagcdn.com/w320/rs.png,https://flagcdn.com/rs.svg,"The flag of Serbia is composed of three equal horizontal bands of red, blue and white. The coat of arms of Serbia is superimposed at the center of the field slightly towards the hoist side.",https://mainfacts.com/media/images/coats_of_arms/rs.png,https://mainfacts.com/media/images/coats_of_arms/rs.svg
UMI,🇺🇲,https://flagcdn.com/w320/um.png,https://flagcdn.com/um.svg,,,
CPV,🇨🇻,https://flagcdn.com/w320/cv.png,https://flagcdn.com/cv.svg,"The flag of Cape Verde is composed of five horizontal bands of blue, white, red, white and blue in the ratio of 6:1:1:1:3. A ring of ten five-pointed yellow stars is centered at three-eighth of the height from the bottom edge and three-eighth of the width from the hoist end of the field.",https://mainfacts.com/media/images/coats_of_arms/cv.png,https://mainfacts.com/media/images/coats_of_arms/cv.svg
KHM,🇰🇭,https://flagcdn.com/w320/kh.png,https://flagcdn.com/kh.svg,"The flag of Cambodia features three horizontal bands of blue, red and blue, with a white depiction of the temple complex, Angkor Wat centered in the red band.",https://mainfacts.com/media/images/coats_of_arms/kh.png,https://mainfacts.com/media/images/coats_of_arms/kh.svg
ROU,🇷🇴,https://flagcdn.com/w320/ro.png,https://flagcdn.com/ro.svg,"The flag of Romania is composed of three equal vertical bands of navy blue, yellow and red.",https://mainfacts.com/media/images/coats_of_arms/ro.png,https://mainfacts.com/media/images/coats_of_arms/ro.svg
HUN,🇭🇺,https://flagcdn.com/w320/hu.png,https://flagcdn.com/hu.svg,"The flag of Hungary is composed of three equal horizontal bands of red, white and green.",https://mainfacts.com/media/images/coats_of_arms/hu.png,https://mainfacts.com/media/images/coats_of_arms/hu.svg
MHL,🇲🇭,https://flagcdn.com/w320/mh.png,https://flagcdn.com/mh.svg,The flag of Marshall Islands has a blue field with two broadening adjacent diagonal bands of orange and white that extend from the lower hoist-side corner to the upper fly-side corner of the field. A large white star with twenty-four rays — four large rays at the cardinal points and twenty smaller rays — is situated in the upper hoist-side corner above the diagonal bands.,https://mainfacts.com/media/images/coats_of_arms/mh.png,https://mainfacts.com/media/images/coats_of_arms/mh.svg
SOM,🇸🇴,https://flagcdn.com/w320/so.png,https://flagcdn.com/so.svg,The flag of Somalia features a large five-pointed white star centered on a light blue field.,https://mainfacts.com/media/images/coats_of_arms/so.png,https://mainfacts.com/media/images/coats_of_arms/so.svg
ALB,🇦🇱,https://flagcdn.com/w320/al.png,https://flagcdn.com/al.svg,The flag of Albania features a silhouetted double-headed black eagle at the center of a red field.,https://mainfacts.com/media/images/coats_of_arms/al.png,https://mainfacts.com/media/images/coats_of_arms/al.svg
PYF,🇵🇫,https://flagcdn.com/w320/pf.png,https://flagcdn.com/pf.svg,,https://mainfacts.com/media/images/coats_of_arms/pf.png,https://mainfacts.com/media/images/coats_of_arms/pf.svg
BDI,🇧🇮,https://flagcdn.com/w320/bi.png,https://flagcdn.com/bi.svg,"The flag of Burundi is divided by a white diagonal cross into four alternating triangular areas of red at the top and bottom, and green on the hoist and fly sides. A white circle, with three green-edged red six-pointed stars arranged to form a triangle, is superimposed at the center of the cross.",https://mainfacts.com/media/images/coats_of_arms/bi.png,https://mainfacts.com/media/images/coats_of_arms/bi.svg
CAF,🇨🇫,https://flagcdn.com/w320/cf.png,https://flagcdn.com/cf.svg,"The flag of Central African Republic is composed of four equal horizontal bands of blue, white, green and yellow intersected at the center by a vertical red band of equal size as the horizontal bands. A yellow five-pointed star is situated on the hoist side of the blue band.",https://mainfacts.com/media/images/coats_of_arms/cf.png,https://mainfacts.com/media/images/coats_of_arms/cf.svg
GUF,🇬🇫,https://flagcdn.com/w320/gf.png,https://flagcdn.com/gf.svg,,https://mainfacts.com/media/images/coats_of_arms/gf.png,https://mainfacts.com/media/images/coats_of_arms/gf.svg
ASM,🇦🇸,https://flagcdn.com/w320/as.png,https://flagcdn.com/as.svg,,,
LCA,🇱🇨,https://flagcdn.com/w320/lc.png,https://flagcdn.com/lc.svg,"The flag of Saint Lucia has a light blue field, at the center of which are two triangles which share a common base — a small golden-yellow isosceles triangle superimposed on a large white-edged black isosceles triangle.",https://mainfacts.com/media/images/coats_of_arms/lc.png,https://mainfacts.com/media/images/coats_of_arms/lc.svg
UGA,🇺🇬,https://flagcdn.com/w320/ug.png,https://flagcdn.com/ug.svg,"The flag of Uganda is composed of six equal horizontal bands of black, yellow, red, black, yellow and red. A white circle bearing a hoist-side facing grey red-crested crane is superimposed in the center of the field.",https://mainfacts.com/media/images/coats_of_arms/ug.png,https://mainfacts.com/media/images/coats_of_arms/ug.svg
HND,🇭🇳,https://flagcdn.com/w320/hn.png,https://flagcdn.com/hn.svg,"The flag of Honduras is composed of three equal horizontal bands of turquoise, white and turquoise, with five small five-pointed turquoise stars arranged in a quincuncial pattern at the center of the white band.",https://mainfacts.com/media/images/coats_of_arms/hn.png,https://mainfacts.com/media/images/coats_of_arms/hn.svg
KAZ,🇰🇿,https://flagcdn.com/w320/kz.png,https://flagcdn.com/kz.svg,"The flag of Kazakhstan has a turquoise field, at the center of which is a gold sun with thirty-two rays above a soaring golden steppe eagle. A thin vertical band displays a national ornamental pattern — koshkar-muiz — in gold near the hoist end.",https://mainfacts.com/media/images/coats_of_arms/kz.png,https://mainfacts.com/media/images/coats_of_arms/kz.svg
KEN,🇰🇪,https://flagcdn.com/w320/ke.png,https://flagcdn.com/ke.svg,"The flag of Kenya is composed of three equal horizontal bands of black, red with white top and bottom edges, and green. An emblem comprising a red, black and white Maasai shield covering two crossed white spears is superimposed at the center of the field.",https://mainfacts.com/media/images/coats_of_arms/ke.png,https://mainfacts.com/media/images/coats_of_arms/ke.svg
WSM,🇼🇸,https://flagcdn.com/w320/ws.png,https://flagcdn.com/ws.svg,"The flag of Samoa has a red field. A blue rectangle, bearing a representation of the Southern Cross made up of five large and one smaller five-pointed white stars, is superimposed in the canton.",https://mainfacts.com/media/images/coats_of_arms/ws.png,https://mainfacts.com/media/images/coats_of_arms/ws.svg
NPL,🇳🇵,https://flagcdn.com/w320/np.png,https://flagcdn.com/np.svg,The flag of Nepal is the world's only non-quadrilateral flag of a sovereign country. It takes the shape of two adjoining right-angled triangles and has a crimson red field with deep blue edges. Within the smaller upper triangle is an emblem of the upper half of a white sun resting on an upward facing white crescent. The lower triangle bears a white sun with twelve rays.,https://mainfacts.com/media/images/coats_of_arms/np.png,https://mainfacts.com/media/images/coats_of_arms/np.svg
GNQ,🇬🇶,https://flagcdn.com/w320/gq.png,https://flagcdn.com/gq.svg,"The flag of Equatorial Guinea is composed of three equal horizontal bands of green, white and red with the national coat of arms centered in the white band and an isosceles triangle superimposed on the hoist side of the field. The triangle is light blue, has its base on the hoist end and spans about one-fifth the width of the field.",https://mainfacts.com/media/images/coats_of_arms/gq.png,https://mainfacts.com/media/images/coats_of_arms/gq.svg
LBN,🇱🇧,https://flagcdn.com/w320/lb.png,https://flagcdn.com/lb.svg,"The flag of Lebanon is composed of three horizontal bands of red, white and red. The white band is twice the height of the red bands and bears a green Lebanese Cedar tree at its center.",https://mainfacts.com/media/images/coats_of_arms/lb.png,https://mainfacts.com/media/images/coats_of_arms/lb.svg
MUS,🇲🇺,https://flagcdn.com/w320/mu.png,https://flagcdn.com/mu.svg,"The flag of Mauritius is composed of four equal horizontal bands of red, blue, yellow and green.",https://mainfacts.com/media/images/coats_of_arms/mu.png,https://mainfacts.com/media/images/coats_of_arms/mu.svg
LIE,🇱🇮,https://flagcdn.com/w320/li.png,https://flagcdn.com/li.svg,"The flag of Liechtenstein is composed of two equal horizontal bands of blue and red, with a golden-yellow crown on the hoist side of the blue band.",https://mainfacts.com/media/images/coats_of_arms/li.png,https://mainfacts.com/media/images/coats_of_arms/li.svg
CYM,🇰🇾,https://flagcdn.com/w320/ky.png,https://flagcdn.com/ky.svg,,https://mainfacts.com/media/images/coats_of_arms/ky.png,https://mainfacts.com/media/images/coats_of_arms/ky.svg
AIA,🇦🇮,https://flagcdn.com/w320/ai.png,https://flagcdn.com/ai.svg,,https://mainfacts.com/media/images/coats_of_arms/ai.png,https://mainfacts.com/media/images/coats_of_arms/ai.svg
GLP,🇬🇵,https://flagcdn.com/w320/gp.png,https://flagcdn.com/gp.svg,,https://mainfacts.com/media/images/coats_of_arms/gp.png,https://mainfacts.com/media/images/coats_of_arms/gp.svg
AUT,🇦🇹,https://flagcdn.com/w320/at.png,https://flagcdn.com/at.svg,"The flag of Austria is composed of three equal horizontal bands of red, white and red.",https://mainfacts.com/media/images/coats_of_arms/at.png,https://mainfacts.com/media/images/coats_of_arms/at.svg
NLD,🇳🇱,https://flagcdn.com/w320/nl.png,https://flagcdn.com/nl.svg,"The flag of the Netherlands is composed of three equal horizontal bands of red, white and blue.",https://mainfacts.com/media/images/coats_of_arms/nl.png,https://mainfacts.com/media/images/coats_of_arms/nl.svg
SJM,🇸🇯,https://flagcdn.com/w320/sj.png,https://flagcdn.com/sj.svg,,,
SGP,🇸🇬,https://flagcdn.com/w320/sg.png,https://flagcdn.com/sg.svg,The flag of Singapore is composed of two equal horizontal bands of red and white. On the hoist side of the red band is a fly-side facing white crescent which partially encloses five small five-pointed white stars arranged in the shape of a pentagon.,https://mainfacts.com/media/images/coats_of_arms/sg.png,https://mainfacts.com/media/images/coats_of_arms/sg.svg
LBR,🇱🇷,https://flagcdn.com/w320/lr.png,https://flagcdn.com/lr.svg,The flag of Liberia is composed of eleven equal horizontal bands of red alternating with white. A blue square bearing a five-pointed white star is superimposed in the canton.,https://mainfacts.com/media/images/coats_of_arms/lr.png,https://mainfacts.com/media/images/coats_of_arms/lr.svg
