id_country,id_currency,currency_name,symbol
JAM,JMD,Jamaican dollar,$
COM,KMF,Comorian franc,Fr
ZWE,ZWL,Zimbabwean dollar,$
SXM,ANG,Netherlands Antillean guilder,ƒ
LAO,LAK,Lao kip,₭
LVA,EUR,Euro,€
TJK,TJS,Tajikistani somoni,ЅМ
GBR,GBP,British pound,£
NIC,NIO,Nicaraguan córdoba,C$
SDN,SDG,Sudanese pound,ج.س
GRC,EUR,Euro,€
LTU,EUR,Euro,€
RWA,RWF,Rwandan franc,Fr
SEN,XOF,West African CFA franc,Fr
MCO,EUR,Euro,€
LSO,LSL,Lesotho loti,L
LSO,ZAR,South African rand,R
TUN,TND,Tunisian dinar,د.ت
VUT,VUV,Vanuatu vatu,Vt
ECU,USD,United States dollar,$
KWT,KWD,Kuwaiti dinar,د.ك
PHL,PHP,Philippine peso,₱
CHL,CLP,Chilean peso,$
BHS,BSD,Bahamian dollar,$
BHS,USD,United States dollar,$
TZA,TZS,Tanzanian shilling,Sh
CRI,CRC,Costa Rican colón,₡
MAR,MAD,Moroccan dirham,د.م.
MNE,EUR,Euro,€
FSM,USD,United States dollar,$
PRT,EUR,Euro,€
ARE,AED,United Arab Emirates dirham,د.إ
LBY,LYD,Libyan dinar,ل.د
LUX,EUR,Euro,€
JEY,GBP,British pound,£
JEY,JEP,Jersey pound,£
SLB,SBD,Solomon Islands dollar,$
DZA,DZD,Algerian dinar,د.ج
ATG,XCD,Eastern Caribbean dollar,$
SHN,GBP,Pound sterling,£
SHN,SHP,Saint Helena pound,£
BRA,BRL,Brazilian real,R$
SGS,GBP,British pound,£
MLI,XOF,West African CFA franc,Fr
PAK,PKR,Pakistani rupee,₨
TTO,TTD,Trinidad and Tobago dollar,$
ARM,AMD,Armenian dram,֏
BGD,BDT,Bangladeshi taka,৳
TCA,USD,United States dollar,$
TKM,TMT,Turkmenistan manat,m
FRO,DKK,Danish krone,kr
FRO,FOK,Faroese króna,kr
PLW,USD,United States dollar,$
CUB,CUC,Cuban convertible peso,$
CUB,CUP,Cuban peso,$
TCD,XAF,Central African CFA franc,Fr
BIH,BAM,Bosnia and Herzegovina convertible mark,KM
BWA,BWP,Botswana pula,P
EST,EUR,Euro,€
IOT,USD,United States dollar,$
ATF,EUR,Euro,€
GRL,DKK,krone,kr.
CXR,AUD,Australian dollar,$
PCN,NZD,New Zealand dollar,$
ESH,DZD,Algerian dinar,دج
ESH,MAD,Moroccan dirham,DH
ESH,MRU,Mauritanian ouguiya,UM
MSR,XCD,Eastern Caribbean dollar,$
BHR,BHD,Bahraini dinar,.د.ب
DOM,DOP,Dominican peso,$
USA,USD,United States dollar,$
COK,CKD,Cook Islands dollar,$
COK,NZD,New Zealand dollar,$
COL,COP,Colombian peso,$
GIN,GNF,Guinean franc,Fr
IRL,EUR,Euro,€
MDV,MVR,Maldivian rufiyaa,.ރ
PAN,PAB,Panamanian balboa,B/.
PAN,USD,United States dollar,$
MOZ,MZN,Mozambican metical,MT
OMN,OMR,Omani rial,ر.ع.
CZE,CZK,Czech koruna,Kč
VCT,XCD,Eastern Caribbean dollar,$
HTI,HTG,Haitian gourde,G
NGA,NGN,Nigerian naira,₦
VGB,USD,United States dollar,$
NAM,NAD,Namibian dollar,$
NAM,ZAR,South African rand,R
DMA,XCD,Eastern Caribbean dollar,$
CAN,CAD,Canadian dollar,$
GGY,GBP,British pound,£
GGY,GGP,Guernsey pound,£
NER,XOF,West African CFA franc,Fr
IDN,IDR,Indonesian rupiah,Rp
YEM,YER,Yemeni rial,﷼
PSE,EGP,Egyptian pound,E£
PSE,ILS,Israeli new shekel,₪
PSE,JOD,Jordanian dinar,JD
GAB,XAF,Central African CFA franc,Fr
ERI,ERN,Eritrean nakfa,Nfk
CYP,EUR,Euro,€
HKG,HKD,Hong Kong dollar,$
SVK,EUR,Euro,€
SVN,EUR,Euro,€
NIU,NZD,New Zealand dollar,$
KIR,AUD,Australian dollar,$
KIR,KID,Kiribati dollar,$
DEU,EUR,Euro,€
UNK,EUR,Euro,€
CIV,XOF,West African CFA franc,Fr
LKA,LKR,Sri Lankan rupee,Rs  රු
MAF,EUR,Euro,€
BEL,EUR,Euro,€
ISR,ILS,Israeli new shekel,₪
ALA,EUR,Euro,€
MNP,USD,United States dollar,$
DNK,DKK,Danish krone,kr
BMU,BMD,Bermudian dollar,$
GIB,GIP,Gibraltar pound,£
SYR,SYP,Syrian pound,£
TLS,USD,United States dollar,$
SMR,EUR,Euro,€
GMB,GMD,dalasi,D
PER,PEN,Peruvian sol,S/ 
GNB,XOF,West African CFA franc,Fr
SLE,SLE,Leone,Le
TUR,TRY,Turkish lira,₺
BOL,BOB,Bolivian boliviano,Bs.
NOR,NOK,Norwegian krone,kr
COG,XAF,Central African CFA franc,Fr
SWZ,SZL,Swazi lilangeni,L
SWZ,ZAR,South African rand,R
PRY,PYG,Paraguayan guaraní,₲
UKR,UAH,Ukrainian hryvnia,₴
MYS,MYR,Malaysian ringgit,RM
TON,TOP,Tongan paʻanga,T$
BEN,XOF,West African CFA franc,Fr
SWE,SEK,Swedish krona,kr
TUV,AUD,Australian dollar,$
TUV,TVD,Tuvaluan dollar,$
MNG,MNT,Mongolian tögrög,₮
ZAF,ZAR,South African rand,R
CUW,ANG,Netherlands Antillean guilder,ƒ
AUS,AUD,Australian dollar,$
KNA,XCD,Eastern Caribbean dollar,$
GHA,GHS,Ghanaian cedi,₵
IRQ,IQD,Iraqi dinar,ع.د
VNM,VND,Vietnamese đồng,₫
GUY,GYD,Guyanese dollar,$
AZE,AZN,Azerbaijani manat,₼
CMR,XAF,Central African CFA franc,Fr
EGY,EGP,Egyptian pound,£
ISL,ISK,Icelandic króna,kr
VEN,VES,Venezuelan bolívar soberano,Bs.S.
BRB,BBD,Barbadian dollar,$
FLK,FKP,Falkland Islands pound,£
MWI,MWK,Malawian kwacha,MK
KGZ,KGS,Kyrgyzstani som,с
TWN,TWD,New Taiwan dollar,$
BGR,BGN,Bulgarian lev,лв
PRK,KPW,North Korean won,₩
AND,EUR,Euro,€
AGO,AOA,Angolan kwanza,Kz
BLM,EUR,Euro,€
RUS,RUB,Russian ruble,₽
BFA,XOF,West African CFA franc,Fr
VAT,EUR,Euro,€
IMN,GBP,British pound,£
IMN,IMP,Manx pound,£
AFG,AFN,Afghan afghani,؋
HRV,EUR,Euro,€
BTN,BTN,Bhutanese ngultrum,Nu.
BTN,INR,Indian rupee,₹
BLR,BYN,Belarusian ruble,Br
CCK,AUD,Australian dollar,$
NZL,NZD,New Zealand dollar,$
MDG,MGA,Malagasy ariary,Ar
THA,THB,Thai baht,฿
GEO,GEL,lari,₾
IND,INR,Indian rupee,₹
CHN,CNY,Chinese yuan,¥
SPM,EUR,Euro,€
PRI,USD,United States dollar,$
DJI,DJF,Djiboutian franc,Fr
SAU,SAR,Saudi riyal,ر.س
IRN,IRR,Iranian rial,﷼
ZMB,ZMW,Zambian kwacha,ZK
ETH,ETB,Ethiopian birr,Br
MAC,MOP,Macanese pataca,P
GTM,GTQ,Guatemalan quetzal,Q
MTQ,EUR,Euro,€
SUR,SRD,Surinamese dollar,$
URY,UYU,Uruguayan peso,$
ITA,EUR,Euro,€
NCL,XPF,CFP franc,₣
FJI,FJD,Fijian dollar,$
ABW,AWG,Aruban florin,ƒ
STP,STN,São Tomé and Príncipe dobra,Db
CHE,CHF,Swiss franc,Fr.
COD,CDF,Congolese franc,FC
FIN,EUR,Euro,€
MLT,EUR,Euro,€
SLV,USD,United States dollar,$
JOR,JOD,Jordanian dinar,د.ا
TKL,NZD,New Zealand dollar,$
NRU,AUD,Australian dollar,$
POL,PLN,Polish złoty,zł
MRT,MRU,Mauritanian ouguiya,UM
WLF,XPF,CFP franc,₣
GUM,USD,United States dollar,$
MKD,MKD,denar,den
TGO,XOF,West African CFA franc,Fr
MMR,MMK,Burmese kyat,Ks
QAT,QAR,Qatari riyal,ر.ق
FRA,EUR,Euro,€
MYT,EUR,Euro,€
NFK,AUD,Australian dollar,$
SYC,SCR,Seychellois rupee,₨
MDA,MDL,Moldovan leu,L
SSD,SSP,South Sudanese pound,£
BRN,BND,Brunei dollar,$
BRN,SGD,Singapore dollar,$
JPN,JPY,Japanese yen,¥
GRD,XCD,Eastern Caribbean dollar,$
ESP,EUR,Euro,€
BES,USD,United States dollar,$
PNG,PGK,Papua New Guinean kina,K
UZB,UZS,Uzbekistani soʻm,so'm
ARG,ARS,Argentine peso,$
KOR,KRW,South Korean won,₩
BLZ,BZD,Belize dollar,$
REU,EUR,Euro,€
MEX,MXN,Mexican peso,$
VIR,USD,United States dollar,$
SRB,RSD,Serbian dinar,дин.
UMI,USD,United States dollar,$
CPV,CVE,Cape Verdean escudo,Esc
KHM,KHR,Cambodian riel,៛
KHM,USD,United States dollar,$
ROU,RON,Romanian leu,lei
HUN,HUF,Hungarian forint,Ft
MHL,USD,United States dollar,$
SOM,SOS,Somali shilling,Sh
ALB,ALL,Albanian lek,L
PYF,XPF,CFP franc,₣
BDI,BIF,Burundian franc,Fr
CAF,XAF,Central African CFA franc,Fr
GUF,EUR,Euro,€
ASM,USD,United States dollar,$
LCA,XCD,Eastern Caribbean dollar,$
UGA,UGX,Ugandan shilling,Sh
HND,HNL,Honduran lempira,L
KAZ,KZT,Kazakhstani tenge,₸
KEN,KES,Kenyan shilling,Sh
WSM,WST,Samoan tālā,T
NPL,NPR,Nepalese rupee,₨
GNQ,XAF,Central African CFA franc,Fr
LBN,LBP,Lebanese pound,ل.ل
MUS,MUR,Mauritian rupee,₨
LIE,CHF,Swiss franc,Fr
CYM,KYD,Cayman Islands dollar,$
AIA,XCD,Eastern Caribbean dollar,$
GLP,EUR,Euro,€
AUT,EUR,Euro,€
NLD,EUR,Euro,€
SJM,NOK,krone,kr
SGP,SGD,Singapore dollar,$
LBR,LRD,Liberian dollar,$
